order,start_day,name,place,image,,,,
0,1125,入寮式,食堂PC前,images/1125/入寮式.jpg,,,,
1,1125,利き口噛み酒,食堂,images/1125/効き口かみ酒.jpg,,,,
2,1125,署名集めバトル,京大構内,images/1125/署名集めバトル.jpg,,,,
3,1125,卒業式のコスプレ,食堂,images/1125/卒業式のコスプレを考えよう.jpg,,,,
4,1125,五山送り火,熊野寮,images/1125/五山送り火.jpg,,,,
5,1125,カラオケの７５点チャレンジ,ジャジャーンカラ京大BOX店,images/1125/カラオケの７５点チャレンジ.jpg,,,,
6,1125,時計〇占拠,クスノキ前,images/1125/時計〇占拠.jpg,,,,
7,1125,熊野寮D棟コンパ,熊野寮D棟（旧称時計台前）,images/1125/熊野寮D棟コンパ.jpg,,,,
8,1125,時計台編入,時計台,images/1125/時計台編入.jpg,,,,
9,1125,リコリコ鑑賞会,食北(スクリーンを使いたい),images/1125/リコリコ鑑賞会.jpg,,,,
10,1125,編み込みしよ,食堂,images/1125/編み込みしよ.jpg,,,,
11,1125,脳みそケーキを食べよう,食堂,images/1125/脳みそケーキを食べよう.jpg,,,,
12,1125,自転車塗装の会,駐輪場,images/1125/自転車塗装の会.jpg,,,,
13,1125,民青池シャトルラン,民青池,images/1125/民青池シャトルラン.jpg,,,,
14,1125,飯テロ耐久,食堂,images/1125/飯テロ耐久.jpg,,,,
15,1125,麻将皇帝戦,食北,images/1125/麻将皇帝戦.jpg,,,,
16,1125,リアルタイムバトル麻雀,食堂,images/1125/リアルタイムバトル麻雀.jpg,,,,
17,1125,ビギナーズラック麻雀対決,食堂,images/1125/ビギナーズラック麻雀対決.jpg,,,,
18,1125,耐久CLUBKUMANO,鉄扉,images/1125/耐久CLUBKUMANO.jpg,,,,
19,1125,エクストリーム帰寮,ロビー,images/1125/エクストリーム帰寮.jpg,,,,
20,1125,着ぐるみ買うぞ！,ドンキ,images/1125/着ぐるみ買うぞ！.jpg,,,,
21,1125,ダイオードおじさんに逆耐電圧をかける,吉田南北門,images/1125/ダイオードおじさんに逆耐電圧をかける.jpg,,,,
22,1125,直径３ｍのピザを作ろう,クスノキ前,images/1125/直径３ｍのピザを作ろう.jpg,,,,
23,1125,弾圧警備員と遊ぼう！！,時計台,images/1125/弾圧警備員と遊ぼう！！.jpg,,,,
24,1125,巨大な物を持って構内歩く,京大構内,images/1125/巨大な物を持って構内歩く.jpg,,,,
25,1126,エクストリーム官僚,大阪梅田の丸ビル,images/1126/エクストリーム官僚.jpg,,,,
26,1126,辛さ自慢,食堂,images/1126/辛さ自慢.jpg,,,,
27,1126,SDGs対偶,どこでも,images/1126/SDGs対偶.jpg,,,,
28,1126,100m走,熊野寮西側の道路,images/1126/100m走.jpg,,,,
29,1126,熊辞雲,食堂,images/1126/熊辞雲.jpg,,,,
30,1126,flump of chicken,どこでも,images/1126/flump of chicken.jpg,,,,
31,1126,永久機関の開発を手伝う,中庭,images/1126/永久機関の開発を手伝う.jpg,,,,
32,1126,今年こそチャンダーランチで得するまでナン食べる,チャンダー,images/1126/今年こそチャンダーランチで得するまでナン食べる.jpg,,,,
33,1126,虹になろう,食堂または食北,images/1126/虹になろう.jpg,,,,
34,1126,部屋番号トランプ,食堂,images/1126/部屋番号トランプ.jpg,,,,
35,1126,MUC10周年記念ライブ,熊野寮音楽室,images/1126/MUC10周年記念ライブ.jpg,,,,
36,1126,ボヘミアン公演,食北,images/1126/ボヘミアン公演.jpg,,,,
37,1126,45秒で何ができる？,食堂,images/1126/45秒で何ができる？.jpg,,,,
38,1126,動物園と連帯,京都市動物園,images/1126/動物園と連帯.jpg,,,,
39,1126,無印の不揃いバウム全部食う,食堂,images/1126/無印の不揃いバウム全部食う.jpg,,,,
40,1126,放課後ファンタジー,三条,images/1126/放課後ファンタジー.jpg,,,,
41,1126,ギャンブルおでん,ロビー周辺,images/1126/ギャンブルおでん.jpg,,,,
42,1126,同釜会,食堂,images/1126/同釜会.jpg,,,,
43,1126,殴る、蹴る。,どこでも,images/1126/殴る、蹴る。.jpg,,,,
44,1126,ゴママヨクイズ,食堂？,images/1126/ゴママヨクイズ.jpg,,,,
45,1126,吉田山かくれんぼ,吉田山,images/1126/吉田山かくれんぼ.jpg,,,,
46,1126,理・農学部コンパ,食堂,images/1126/理・農学部コンパ.jpg,,,,
47,1126,テキーラであそぼ,食堂,images/1126/テキーラであそぼ.jpg,,,,
48,1126,ワインオセロ,食堂,images/1126/ワインオセロ.jpg,,,,
49,1126,マッドハニー,鉄扉,images/1126/マッドハニー.jpg,,,,
50,1127,深夜アニメのCMやる,食堂orロビー,images/1127/深夜アニメのCMやる.jpg,,,,
51,1127,職質ＲＴＡ,どこでも,images/1127/職質ＲＴＡ.jpg,,,,
52,1127,平沢唯生誕祭,どこでも,images/1127/平沢唯生誕祭.jpg,,,,
53,1127,女装ナンパ待ち,どこでも,images/1127/女装ナンパ待ち.jpg,,,,
54,1127,蹴り落とし合いマリオ,食堂,images/1127/蹴り落とし合いマリオ.jpg,,,,
55,1127,バトル将棋,どこでも,images/1127/バトル将棋.jpg,,,,
56,1127,詰将棋,食堂,images/1127/詰将棋.jpg,,,,
57,1127,エクストリーム鴨川レース,鴨川,images/1127/エクストリーム鴨川レース.jpg,,,,
58,1127,マジカルミライ上映会,食堂北部,images/1127/マジカルミライ上映会.jpg,,,,
59,1127,逆大喜利,食堂,images/1127/逆大喜利.jpg,,,,
60,1127,落ち葉掃除バトル,熊野寮周辺,images/1127/落ち葉掃除バトル.jpg,,,,
61,1127,ABクラスター間綱引き,桂キャンパス,images/1127/ABクラスター間綱引き.jpg,,,,
62,1127,本気のドッジボール,グラウンド,images/1127/本気のドッジボール.jpg,,,,
63,1127,オタク早歩き大会,食堂,images/1127/オタク早歩き大会.jpg,,,,
64,1127,宇都宮高校の素晴らしき伝統,中庭,images/1127/宇都宮高校の素晴らしき伝統.jpg,,,,
65,1127,北野高校の悪しき伝統,中庭,images/1127/北野高校の悪しき伝統.jpg,,,,
66,1127,ケーキコンパ,食堂南部,images/1127/ケーキコンパ.jpg,,,,
67,1127,リアルゲーム理論,食堂,images/1127/リアルゲーム理論.jpg,,,,
68,1127,四条大運動会,三条～四条,images/1127/四条大運動会.jpg,,,,
69,1127,鴨川綱渡り,鴨川,images/1127/鴨川綱渡り.jpg,,,,
70,1127,宝塚メイク,食堂,images/1127/宝塚メイク.jpg,,,,
71,1127,クマノヅカ歌劇団,食堂北部,images/1127/クマノヅカ歌劇団.jpg,,,,
72,1127,民青池ティーパーティ事件,中庭と食堂,images/1127/民青池ティーパーティ事件.jpg,,,,
73,1127,ボヘミアン公演,食堂北部,images/1127/ボヘミアン公演.jpg,,,,
74,1127,イヤフォンガンガン伝言ゲーム,食堂,images/1127/イヤフォンガンガン伝言ゲーム.jpg,,,,
75,1127,寮祭ライブ,27日音楽室、3日・4日食堂,images/1127/寮祭ライブ.jpg,,,,
76,1127,推し曲を布教する,どこでも,images/1127/推し曲を布教する.jpg,,,,
77,1127,三河弁ⅠA(文法・演習),ロビー,images/1127/三河弁ⅠA(文法・演習).jpg,,,,
78,1127,鴨川等間隔を救いたい,三条～四条,images/1127/鴨川等間隔を救いたい.jpg,,,,
79,1127,談話室漫画頂上決戦,食堂,images/1127/談話室漫画頂上決戦.jpg,,,,
80,1127,二郎系ラーメンはしごの旅,一条寺,images/1127/二郎系ラーメンはしごの旅.jpg,,,,
81,1127,チャンダー占拠,チャンダー,images/1127/チャンダー占拠.jpg,,,,
82,1127,ローリング畳,どこでも,images/1127/ローリング畳.jpg,,,,
83,1127,言語再履の人だけで日本語禁止コンパ,食堂,images/1127/言語再履の人だけで日本語禁止コンパ.jpg,,,,
84,1127,ハマグリのガソリン焼き,中庭,images/1127/ハマグリのガソリン焼き.jpg,,,,
85,1127,夏の間に使わなかった蚊取り線香全部燃やす,駐輪場,images/1127/夏の間に使わなかった蚊取り線香全部燃やす.jpg,,,,
86,1128,闇温泉VS光温泉,中庭,images/1128/闇温泉VS光温泉.jpg,,,,
87,1128,ｎ段アイス,熊野寮,images/1128/ｎ段アイス.jpg,,,,
88,1128,ハラタク秋冠公開自己採点,食堂,images/1128/ハラタク秋冠公開自己採点.jpg,,,,
89,1128,鷲巣献血麻雀,どこでも,images/1128/鷲巣献血麻雀.jpg,,,,
90,1128,全寮にらめっこトーナメント,どこでも,images/1128/全寮にらめっこトーナメント.jpg,,,,
91,1128,NFLを題材に本物のタックルを勉強しよう,C12,images/1128/NFLを題材に本物のタックルを勉強しよう.jpg,,,,
92,1128,クマスマSP,食堂、食堂北部,images/1128/クマスマSP.jpg,,,,
93,1128,クソスマ２０２２,食堂、食堂北部,images/1128/クソスマ２０２２.jpg,,,,
94,1128,エクストリーム献血,食堂orロビー,images/1128/エクストリーム献血.jpg,,,,
95,1128,24時間連続即興演奏,クスノキ,images/1128/24時間連続即興演奏.jpg,,,,
96,1128,アルゴリズム行進,屋上,images/1128/アルゴリズム行進.jpg,,,,
97,1128,平安湯と連帯,平安湯,images/1128/平安湯と連帯.jpg,,,,
98,1128,勝手に京都市交通審議会,食堂,images/1128/勝手に京都市交通審議会.jpg,,,,
99,1128,かくれんぼ,食堂,images/1128/かくれんぼ.jpg,,,,
100,1128,寮食人気メニュー全部当てるまで帰れま10,食堂,images/1128/寮食人気メニュー全部当てるまで帰れま10.jpg,,,,
101,1128,この一吸いに命をかけろ！ききタバコ！,喫煙所,images/1128/この一吸いに命をかけろ！ききタバコ！.jpg,,,,
102,1128,３回生新歓,食堂,images/1128/３回生新歓.jpg,,,,
103,1128,少女歌劇レビュースタァライト上映会,食堂北部,images/1128/少女歌劇レビュースタァライト上映会.jpg,,,,
104,1128,狩猟コンパ,食堂or鉄扉,images/1128/狩猟コンパ.jpg,,,,
105,1128,鉄扉コンパ,鉄扉,images/1128/鉄扉コンパ.jpg,,,,
106,1128,松屋立命館大前店で食い逃げ,食堂,images/1128/松屋立命館大前店で食い逃げ.jpg,,,,
107,1128,京大構内でケイドロ,京大本部キャンパス,images/1128/京大構内でケイドロ.jpg,,,,
108,1128,ポストモダン焼,食堂,images/1128/ポストモダン焼.jpg,,,,
109,1128,二回生コンパ,食堂,images/1128/二回生コンパ.jpg,,,,
110,1128,テラフォーミングマーズ最強決定戦,食堂orB12談話室,images/1128/テラフォーミングマーズ最強決定戦.jpg,,,,
111,1128,プログラミング言語布教大会,食堂,images/1128/プログラミング言語布教大会.jpg,,,,
112,1128,音MADDJ2022冬の陣,音楽室,images/1128/音MADDJ2022冬の陣.jpg,,,,
113,1128,ゼロの使い魔上映会,食堂北部,images/1128/ゼロの使い魔上映会.jpg,,,,
114,1129,風船を死ぬほどつけて、空を飛ぶ,鴨川,images/1129/風船を死ぬほどつけて、空を飛ぶ.jpg,,,,
115,1129,学部選択ミスッた人座談会,食堂orロビー,images/1129/学部選択ミスッた人座談会.jpg,,,,
116,1129,人生ゲーム共産主義ver.をつくろう,どこでも,images/1129/人生ゲーム共産主義ver.をつくろう.jpg,,,,
117,1129,GODFIELD大会,食堂,images/1129/GODFIELD大会.jpg,,,,
118,1129,桑原、学校へ行こう,どこでも,images/1129/桑原、学校へ行こう.jpg,,,,
119,1129,生理的食塩水なら無限に飲める説,熊野寮,images/1129/生理的食塩水なら無限に飲める説.jpg,,,,
120,1129,逆競輪,東大路通,images/1129/逆競輪.jpg,,,,
121,1129,白髭参拝,白髭神社,images/1129/白髭参拝.jpg,,,,
122,1129,中核派と見る天元突破グレンラガン,食堂北部,images/1129/中核派と見る天元突破グレンラガン.jpg,,,,
123,1129,KUMANいくまん♪,熊野寮、川東自治連合会集会所,images/1129/KUMANいくまん♪.jpg,,,,
124,1129,利き茶、利き水、利きジュース,食堂？,images/1129/利き茶、利き水、利きジュース.jpg,,,,
125,1129,夜神月選手権,食堂,images/1129/夜神月選手権.jpg,,,,
126,1129,イグ・ノーベル賞論文を読む,食堂,images/1129/イグ・ノーベル賞論文を読む.jpg,,,,
127,1129,吉熊ライブ,吉田寮厨房,images/1129/吉熊ライブ.jpg,,,,
128,1129,スーパー蕪,食堂,images/1129/スーパー蕪.jpg,,,,
129,1129,逆評定ラボ,食堂北部,images/1129/逆評定ラボ.jpg,,,,
130,1129,熊野寮ビジネスバイク部,食堂,images/1129/熊野寮ビジネスバイク部.jpg,,,,
131,1129,熊野寮Splatoon3大会,クスノキ前,images/1129/熊野寮Splatoon3大会.jpg,,,,
132,1129,たま上映会,食堂北部orC12談話室,images/1129/たま上映会.jpg,,,,
133,1129,中古ポケモンで即興バトル,食堂,images/1129/中古ポケモンで即興バトル.jpg,,,,
134,1129,手作りコーラでマルスを満足させよう！,食堂,images/1129/手作りコーラでマルスを満足させよう！.jpg,,,,
135,1129,逆再生飲み会,どこでも,images/1129/逆再生飲み会.jpg,,,,
136,1129,モンエナ、作る,食堂,images/1129/モンエナ、作る.jpg,,,,
137,1129,数独,食堂,images/1129/数独.jpg,,,,
138,1130,５時間超えの映画、ハッピーアワーを見よう!!!,どこか,images/1130/５時間超えの映画、ハッピーアワーを見よう!!!.jpg,,,,
139,1130,広告でよく見るゲームを実況する,オンライン,images/1130/広告でよく見るゲームを実況する.jpg,,,,
140,1130,ショット麻雀,食堂,images/1130/ショット麻雀.jpg,,,,
141,1130,進捗,食堂PC前,images/1130/進捗.jpg,,,,
142,1130,あくた川から寺さんに手振る,百万遍,images/1130/あくた川から寺さんに手振る.jpg,,,,
143,1130,三遠南信コンパ,食堂・ロビー,images/1130/三遠南信コンパ.jpg,,,,
144,1130,スーパー民青池掬い,民青池,images/1130/スーパー民青池掬い.jpg,,,,
145,1130,ミックスジュースを作る,食堂,images/1130/ミックスジュースを作る.jpg,,,,
146,1130,磁器フリスビー,グラウンド,images/1130/磁器フリスビー.jpg,,,,
147,1130,第六夜,寮内のどこか,images/1130/第六夜.jpg,,,,
148,1130,ｎ階から目薬,熊野寮,images/1130/ｎ階から目薬.jpg,,,,
149,1130,絶対笑ってはいけない座禅,熊野寮,images/1130/絶対笑ってはいけない座禅.jpg,,,,
150,1130,劇団「未必の故意」旗揚げ公演,食北,images/1130/劇団「未必の故意」旗揚げ公演.jpg,,,,
151,1130,みかん祭り,民青池,images/1130/みかん祭り.jpg,,,,
152,1130,昭和喫茶,どこでも,images/1130/昭和喫茶.jpg,,,,
153,1130,作曲,音楽室,images/1130/作曲.jpg,,,,
154,1130,セッション,音楽室,images/1130/セッション.jpg,,,,
155,1130,主成分で料理,食堂,images/1130/主成分で料理.jpg,,,,
156,1130,前進を読む,食堂,images/1130/前進を読む.jpg,,,,
157,1130,部屋汚い人コンパ,食堂,images/1130/部屋汚い人コンパ.jpg,,,,
158,1130,お風呂入らない人コンパ,食堂,images/1130/お風呂入らない人コンパ.jpg,,,,
159,1130,お風呂以外全部入る人コンパ,食堂,images/1130/お風呂以外全部入る人コンパ.jpg,,,,
160,1130,爪の赤を煎じて飲む,食堂,images/1130/爪の赤を煎じて飲む.jpg,,,,
161,1130,ジブリ野外上映会,玄関,images/1130/ジブリ野外上映会.jpg,,,,
162,1130,エレクトーン講習会,音楽室,images/1130/エレクトーン講習会.jpg,,,,
163,1130,松田単独ライブ,音楽室,images/1130/松田単独ライブ.jpg,,,,
164,1130,反ワクチンvs京大生,食堂,images/1130/反ワクチンvs京大生.jpg,,,,
165,1130,強い証明写真,食堂,images/1130/強い証明写真.jpg,,,,
166,1130,ウタカタララバイ（合唱）,音楽室,images/1130/ウタカタララバイ（合唱）.jpg,,,,
167,1130,スプラ２を救う,クスノキ前,images/1130/スプラ２を救う.jpg,,,,
168,1130,ゲテモノコンパ,食堂,images/1130/ゲテモノコンパ.jpg,,,,
169,1130,闘争映画上映会,食北,images/1130/闘争映画上映会.jpg,,,,
170,1130,極右と極左を足して２で割ってみる,食堂,images/1130/極右と極左を足して２で割ってみる.jpg,,,,
171,1130,ビワマスとって食べる,玄関,images/1130/ビワマスとって食べる.jpg,,,,
172,1130,成績証明書から誰か当てる,食堂,images/1130/成績証明書から誰か当てる.jpg,,,,
173,1130,白川脱毛,食堂or食北,images/1130/白川脱毛.jpg,,,,
174,1201,月次朝礼,食堂,images/1201/月次朝礼.jpg,,,,
175,1201,京都芸術大学「不和・軋轢」展示会,食北、鉄扉、ボイラー室,images/1201/京都芸術大学「不和・軋轢」展示会.jpg,,,,
176,1201,退寮オリエンテーション,食北,images/1201/退寮オリエンテーション.jpg,,,,
177,1201,初心者マーク爆盛りコンテスト,駐車場,images/1201/初心者マーク爆盛りコンテスト.jpg,,,,
178,1201,幼児期学歴選手権大会,どこでも,images/1201/幼児期学歴選手権大会.jpg,,,,
179,1201,熊野寮放送部特別編,どこでも,images/1201/熊野寮放送部特別編.jpg,,,,
180,1201,アマチュア無線体験,A棟屋上,images/1201/アマチュア無線体験.jpg,,,,
181,1201,AB、BC棟間ターザンロープ,屋上,images/1201/AB、BC棟間ターザンロープ.jpg,,,,
182,1201,猫になりたい,屋上？,images/1201/猫になりたい.jpg,,,,
183,1201,酒賭け麻雀,くすのき前,images/1201/酒賭け麻雀.jpg,,,,
184,1201,駅伝,京大、東大路,images/1201/駅伝.jpg,,,,
185,1201,がくえんゆーとぴあ　まなびストレート上映会,食北or鉄扉,images/1201/がくえんゆーとぴあ　まなびストレート上映会.jpg,,,,
186,1201,ダイナモローラーを、救わない,どこでも,images/1201/ダイナモローラーを、救わない.jpg,,,,
187,1201,京都市バス鬼ごっこ,京都市全域,images/1201/京都市バス鬼ごっこ.jpg,,,,
188,1201,ダサい食事会,どこでも,images/1201/ダサい食事会.jpg,,,,
189,1201,色んな穴を空けよう,食堂,images/1201/色んな穴を空けよう.jpg,,,,
190,1201,着衣麻雀,クスノキ前,images/1201/着衣麻雀.jpg,,,,
191,1201,劇団「未必の故意」旗揚げ公演,食北,images/1201/劇団「未必の故意」旗揚げ公演.jpg,,,,
192,1201,鴨川水球,鴨川,images/1201/鴨川水球.jpg,,,,
193,1201,クソデカプリンを作る会,食堂,images/1201/クソデカプリンを作る会.jpg,,,,
194,1201,アニメサウナ,食堂、食北,images/1201/アニメサウナ.jpg,,,,
195,1201,利き寮生,総人広場,images/1201/利き寮生.jpg,,,,
196,1201,Nグラム計れ！,食堂,images/1201/Nグラム計れ！.jpg,,,,
197,1201,ニセモノコンパ,食堂,images/1201/ニセモノコンパ.jpg,,,,
198,1201,ボツ寮祭企画供養,寮内のどこか,images/1201/ボツ寮祭企画供養.jpg,,,,
199,1201,食べるの遅い人,食堂,images/1201/食べるの遅い人.jpg,,,,
200,1201,食べるの早い人,食堂,images/1201/食べるの早い人.jpg,,,,
201,1201,復刻にぼ次郎,どこか,images/1201/復刻にぼ次郎.jpg,,,,
202,1201,ＹＡＭＡＧＡＭＩチャレンジ,開けた場所,images/1201/ＹＡＭＡＧＡＭＩチャレンジ.jpg,,,,
203,1201,人間らしく生きられる社会のために　コンビニ24時間営業強制反対の闘いに学ぶ　,食堂,images/1201/人間らしく生きられる社会のために　コンビニ24時間営業強制反対の闘いに学ぶ　.jpg,,,,
204,1201,人生懸かってる風にギャンブルをしよう,賭場,images/1201/人生懸かってる風にギャンブルをしよう.jpg,,,,
205,1201,桜Trickオールナイト上映会,鉄扉,images/1201/桜Trickオールナイト上映会.jpg,,,,
206,1201,宇宙よりも遠い場所,山岡家,images/1201/宇宙よりも遠い場所.jpg,,,,
207,1201,魔法陣を描こう,吉田南グラウンド,images/1201/魔法陣を描こう.jpg,,,,
208,1201,入れ替わっちゃった！,食堂,images/1201/入れ替わっちゃった！.jpg,,,,
209,1201,クッキー☆コンパ,食堂,images/1201/クッキー☆コンパ.jpg,,,,
210,1201,四色問題色塗り,食北,images/1201/四色問題色塗り.jpg,,,,
211,1201,５文字以上縛り絵しりとり,食堂,images/1201/５文字以上縛り絵しりとり.jpg,,,,
212,1201,闇鍋vs光鍋,食堂,images/1201/闇鍋vs光鍋.jpg,,,,
213,1201,ぬいぐるみ枕投げ,食堂,images/1201/ぬいぐるみ枕投げ.jpg,,,,
214,1202,レシート回収,食堂,images/1202/レシート回収.jpg,,,,
215,1202,バーフバリ上映会,食堂又は食堂北部,images/1202/バーフバリ上映会.jpg,,,,
216,1202,百万遍牛丼RTA,百万遍,images/1202/百万遍牛丼RTA.jpg,,,,
217,1202,健康麻雀,食堂,images/1202/健康麻雀.jpg,,,,
218,1202,非合理かき氷,C12,images/1202/非合理かき氷.jpg,,,,
219,1202,総長室突入,京都大学,images/1202/総長室突入.jpg,,,,
220,1202,総長室にピザ10枚送る,京大構内,images/1202/総長室にピザ10枚送る.jpg,,,,
221,1202,焼畑,中庭,images/1202/焼畑.jpg,,,,
222,1202,FINAL FANTASY Ⅶ アドベントチルドレン上映会,食堂北部,images/1202/FINAL FANTASY Ⅶ アドベントチルドレン上映会.jpg,,,,
223,1202,AB棟間万人橋,Ａ棟屋上,images/1202/AB棟間万人橋.jpg,,,,
224,1202,AB棟間綱引き,AB棟屋上,images/1202/AB棟間綱引き.jpg,,,,
225,1202,恋バナ人狼,みんなが酔っている場所,images/1202/恋バナ人狼.jpg,,,,
226,1202,道上と飲もう！！,食堂,images/1202/道上と飲もう！！.jpg,,,,
227,1202,コロナ追いコン,食堂,images/1202/コロナ追いコン.jpg,,,,
228,1202,後の祭り祭り,食堂,images/1202/後の祭り祭り.jpg,,,,
229,1202,さいだのサイダー,食堂,images/1202/さいだのサイダー.jpg,,,,
230,1202,この人だーれだ？,食堂,images/1202/この人だーれだ？.jpg,,,,
231,1202,お湯なしカップラーメン早食い対決,食堂,images/1202/お湯なしカップラーメン早食い対決.jpg,,,,
232,1202,松田誕生日会,食堂,images/1202/松田誕生日会.jpg,,,,
233,1202,混沌チーズフォンデュ,食堂,images/1202/混沌チーズフォンデュ.jpg,,,,
234,1202,ポストモダン焼,食堂,images/1202/ポストモダン焼.jpg,,,,
235,1202,利き熊野水,寮内,images/1202/利き熊野水.jpg,,,,
236,1202,取得単位数ブラックジャック,総人広場,images/1202/取得単位数ブラックジャック.jpg,,,,
237,1202,CLUB KUSUNOKI,クスノキ前,images/1202/CLUB KUSUNOKI.jpg,,,,
238,1202,24時間連続でしゃべる,クスノキ前,images/1202/24時間連続でしゃべる.jpg,,,,
239,1202,人間チョコフォンデュ,熊野寮,images/1202/人間チョコフォンデュ.jpg,,,,
240,1202,耐久ドミニオン,食堂,images/1202/耐久ドミニオン.jpg,,,,
241,1202,冥土喫茶,どこか,images/1202/冥土喫茶.jpg,,,,
242,1202,えざがち家焼き2周年コンパ,BC棟間,images/1202/えざがち家焼き2周年コンパ.jpg,,,,
243,1202,お茶会,食堂,images/1202/お茶会.jpg,,,,
244,1202,シャンパンタワー,食堂,images/1202/シャンパンタワー.jpg,,,,
245,1202,ファミマと連帯,ファミマ,images/1202/ファミマと連帯.jpg,,,,
246,1202,ファミマ以外全部と連帯,ファミマ,images/1202/ファミマ以外全部と連帯.jpg,,,,
247,1202,手作り入浴剤で寮祭のつかれをいやす,食堂,images/1202/手作り入浴剤で寮祭のつかれをいやす.jpg,,,,
248,1203,サメウォッチング,食北,images/1203/サメウォッチング.jpg,,,,
249,1203,タイBLドラマ耐久上映会,食堂北(というかスクリーンがあるところ？),images/1203/タイBLドラマ耐久上映会.jpg,,,,
250,1203,混沌アイス,どこか,images/1203/混沌アイス.jpg,,,,
251,1203,喫茶・軽食クマノ,軟鉄庵,images/1203/喫茶・軽食クマノ.jpg,,,,
252,1203,闇のワクワクさん,民生池、食堂,images/1203/闇のワクワクさん.jpg,,,,
253,1203,2023年度NF統一テーマを考えよう,どこでも,images/1203/2023年度NF統一テーマを考えよう.jpg,,,,
254,1203,光のワクワクさん,中庭,images/1203/光のワクワクさん.jpg,,,,
255,1203,鴨川イカダレース2022,鴨川,images/1203/鴨川イカダレース2022.jpg,,,,
256,1203,視力低下出前館,食堂、ロビー、食堂北部（どこでも）,images/1203/視力低下出前館.jpg,,,,
257,1203,姫路城を見て京都駅大階段へ行こう！,山陰本線、播但線、東海道本線経由,images/1203/姫路城を見て京都駅大階段へ行こう！.jpg,,,,
258,1203,寮祭ライブ,食堂,images/1203/寮祭ライブ.jpg,,,,
259,1203,流刑,四条大橋,images/1203/流刑.jpg,,,,
260,1203,鴨川全力砂鉄集め,鴨川,images/1203/鴨川全力砂鉄集め.jpg,,,,
261,1203,ピザ窯コンパ,中庭,images/1203/ピザ窯コンパ.jpg,,,,
262,1203,NovelAIで全員の好み合わせたら最強の絵ができる説,どこか,images/1203/NovelAIで全員の好み合わせたら最強の絵ができる説.jpg,,,,
263,1203,無色透明,食堂・ロビー,images/1203/無色透明.jpg,,,,
264,1203,いらすとやタイトル当てクイズファイナル,食堂,images/1203/いらすとやタイトル当てクイズファイナル.jpg,,,,
265,1203,スカートワンピースコンパ,どこか,images/1203/スカートワンピースコンパ.jpg,,,,
266,1203,保健所感謝の日,柳馬場御池アサヒビル　京都市保健福祉局,images/1203/保健所感謝の日.jpg,,,,
267,1203,学寮コンパ,食堂,images/1203/学寮コンパ.jpg,,,,
268,1203,京都駅大階段グリコ,京都駅,images/1203/京都駅大階段グリコ.jpg,,,,
269,1203,一夜漬け司法試験,どこか,images/1203/一夜漬け司法試験.jpg,,,,
270,1203,外山合宿同窓会,ロビーまたは食堂,images/1203/外山合宿同窓会.jpg,,,,
271,1203,ゲシュ「タルト」崩壊,食堂,images/1203/ゲシュ「タルト」崩壊.jpg,,,,
272,1203,ハンディキャップ卓球大会,食堂,images/1203/ハンディキャップ卓球大会.jpg,,,,
273,1204,しまむら本気コーデ対決,しまむら京都アバンティ店,images/1204/しまむら本気コーデ対決.jpg,,,,
274,1204,バンカラファッションショー,食堂上,images/1204/バンカラファッションショー.jpg,,,,
275,1204,寺さんの髪を切る,食北,images/1204/寺さんの髪を切る.jpg,,,,
276,1204,オフチョベットしたマフをマブガットしてリットする,食堂,images/1204/オフチョベットしたマフをマブガットしてリットする.jpg,,,,
277,1204,私の彼は左利き,どこか,images/1204/私の彼は左利き.jpg,,,,
278,1204,リアルスプラトゥーン,食堂上,images/1204/リアルスプラトゥーン.jpg,,,,
279,1204,14キロの砂糖水,食堂,images/1204/14キロの砂糖水.jpg,,,,
280,1204,寮祭ライブ,食堂,images/1204/寮祭ライブ.jpg,,,,
281,1204,プロジェクトアジリ,音楽室,images/1204/プロジェクトアジリ.jpg,,,,
282,1204,全員ガチ初心者バンド,寮,images/1204/全員ガチ初心者バンド.jpg,,,,
283,1204,シャトルラン対局,食堂西の外の通路,images/1204/シャトルラン対局.jpg,,,,
284,1204,イカッチャを救う,くすのき前,images/1204/イカッチャを救う.jpg,,,,
285,1204,闇落ち,駐輪場,images/1204/闇落ち.jpg,,,,
286,1204,焼き〇〇,ファイヤーストーム中,images/1204/焼き〇〇.jpg,,,,
287,1204,寮葬,食堂,images/1204/寮葬.jpg,,,,
288,1204,寮葬反対,食堂前廊下,images/1204/寮葬反対.jpg,,,,
289,1204,ファイヤーストーム,駐輪場,images/1204/ファイヤーストーム.jpg,,,,
290,1204,レシート回収,食堂,images/1204/レシート回収.jpg,,,,
291,1204,耐久宝塚上映会,どこか,images/1204/耐久宝塚上映会.jpg,,,,
292,1204,懐古的総括,食堂PC前,images/1204/懐古的総括.jpg,,,,
293,1204,目覚まし亭,食堂,images/1204/目覚まし亭.jpg,,,,
294,1204,プロジェクトアジリ,寮祭ライブ中の音楽室,images/1204/プロジェクトアジリ.jpg,,,,
295,ゲリラ,バーくまゲリラライブ,軟鉄庵,images/ゲリラ/バーくまゲリラライブ.jpg,,,あ,
296,ゲリラ,C??B渡り廊下青空談話室,BC棟間渡り廊下の屋上,images/ゲリラ/C??B渡り廊下青空談話室.jpg,,,あ,
297,ゲリラ,W杯を観よう！,食堂か談話室,images/ゲリラ/W杯を観よう！.jpg,,,,
298,ゲリラ,あの娘にドロップキック・神保町,食堂,images/ゲリラ/あの娘にドロップキック・神保町.jpg,,,,
299,ゲリラ,かもがわで昼寝,鴨川,images/ゲリラ/かもがわで昼寝.jpg,,,,
300,ゲリラ,ヌートリアを狩る,鴨川,images/ゲリラ/ヌートリアを狩る.jpg,,,,
301,ゲリラ,鴨川の鴨,鴨川,images/ゲリラ/鴨川の鴨.jpg,,,,
302,ゲリラ,大路上ライブ,京都市,images/ゲリラ/大路上ライブ.jpg,,,,
303,ゲリラ,ゲリラ食堂,食堂かロビー,images/ゲリラ/ゲリラ食堂.jpg,,,,
304,ゲリラ,きき寿司,どこでも,images/ゲリラ/きき寿司.jpg,,,,
305,ゲリラ,シューロン・マスク,食堂,images/ゲリラ/シューロン・マスク.jpg,,,,
306,ゲリラ,告示,どこでも,images/ゲリラ/告示.jpg,,,,
307,ゲリラ,紙飛行機祭り,どこでも,images/ゲリラ/紙飛行機祭り.jpg,,,,
308,ゲリラ,バ先と連帯,たくさん,images/ゲリラ/バ先と連帯.jpg,,,,
309,ゲリラ,甘茶を飲もう,食堂,images/ゲリラ/甘茶を飲もう.jpg,,,,
310,ゲリラ,マ〇キに賭ける,マ〇キが選んだ台,images/ゲリラ/マ〇キに賭ける.jpg,,,,
311,ゲリラ,逆たくまっちコンパ,どこでも,images/ゲリラ/逆たくまっちコンパ.jpg,,,,
312,ゲリラ,苦笑を普及させる,ライン上,images/ゲリラ/苦笑を普及させる.jpg,,,,
313,ゲリラ,熊野からのサプライズ動画,どこでも,images/ゲリラ/熊野からのサプライズ動画.jpg,,,,
314,ゲリラ,熊野人格付けチェック,,images/ゲリラ/熊野人格付けチェック.jpg,,,,
315,ゲリラ,勝手に時計台昇る,時計台,images/ゲリラ/勝手に時計台昇る.jpg,,,,
316,ゲリラ,小野のメガネを買う,どこでも,images/ゲリラ/小野のメガネを買う.jpg,,,,
317,ゲリラ,人をダメにするソファをダメにする,どこでも,images/ゲリラ/人をダメにするソファをダメにする.jpg,,,,
318,ゲリラ,水林Tシャツを作ろう,どこでも,images/ゲリラ/水林Tシャツを作ろう.jpg,,,,
319,ゲリラ,タバコポイフル,寮内,images/ゲリラ/タバコポイフル.jpg,,,,
320,ゲリラ,シガーキスリレー,喫煙所,images/ゲリラ/シガーキスリレー.jpg,,,,
321,ゲリラ,スピッツJ-POPの中心説,どこでも,images/ゲリラ/スピッツJ-POPの中心説.jpg,,,,
322,ゲリラ,「ダイオードおじさん」導体化,吉田南北門,images/ゲリラ/「ダイオードおじさん」導体化.jpg,,,,
323,ゲリラ,寮壁描画,壁,images/ゲリラ/寮壁描画.jpg,,,,
324,ゲリラ,穴,ブラジルの裏,images/ゲリラ/穴.jpg,,,,
325,ゲリラ,音楽室の壁に絵を描く,音楽室,images/ゲリラ/音楽室の壁に絵を描く.jpg,,,,
326,ゲリラ,廃墟脱出RTA,廃墟,images/ゲリラ/廃墟脱出RTA.jpg,,,,
327,ゲリラ,ツイッターとインスタの内容を交換する,サイバー空間,images/ゲリラ/ツイッターとインスタの内容を交換する.jpg,,,,
328,ゲリラ,SLAMDUNK上映会,食北か鉄扉,images/ゲリラ/SLAMDUNK上映会.jpg,,,,
329,ゲリラ,リアムと国際電話,電話口,images/ゲリラ/リアムと国際電話.jpg,,,,
330,ゲリラ,唯物論の神様,どこでも,images/ゲリラ/唯物論の神様.jpg,,,,
331,ゲリラ,談話室魔改造,各談話室,images/ゲリラ/談話室魔改造.jpg,,,,
332,ゲリラ,ジャニーズ松田退所,ジャニーズ事務所,images/ゲリラ/ジャニーズ松田退所.jpg,,,,
333,ゲリラ,無限缶蹴り,どこでも,images/ゲリラ/無限缶蹴り.jpg,,,,
334,ゲリラ,尾行,どこでも,images/ゲリラ/尾行.jpg,,,,
335,ゲリラ,酔った勢いで勉強する,どこでも,images/ゲリラ/酔った勢いで勉強する.jpg,,,,
336,ゲリラ,みんなでチャンダーに行こう,チャンダー,images/ゲリラ/みんなでチャンダーに行こう.jpg,,,,
337,ゲリラ,コンビニのもの食べる,ファミマ,images/ゲリラ/コンビニのもの食べる.jpg,,,,
338,ゲリラ,B棟地下絵描き,地下,images/ゲリラ/B棟地下絵描き.jpg,,,,？
339,ゲリラ,広告責お礼参り,どこでも,images/ゲリラ/広告責お礼参り.jpg,,,,
340,ゲリラ,大声選手権,屋上,images/ゲリラ/大声選手権.jpg,,,,
341,ゲリラ,1日1回大文字火床,大文字山,images/ゲリラ/1日1回大文字火床.jpg,,,,
342,ゲリラ,髪寂しくね,どこでも,images/ゲリラ/髪寂しくね.jpg,,,,
343,ゲリラ,耳寂しくないか？？,どこでも,images/ゲリラ/耳寂しくないか？？.jpg,,,,
344,ゲリラ,食堂横廊下＆中庭大改造,食堂横廊下＆中庭,images/ゲリラ/食堂横廊下＆中庭大改造.jpg,,,,
345,ゲリラ,だしシャンパンタワー,どこでも,images/ゲリラ/だしシャンパンタワー.jpg,,,,
346,ゲリラ,ドーピングコンソメスープ,どこでも,images/ゲリラ/ドーピングコンソメスープ.jpg,,,,
347,ゲリラ,まえだりょう祭,どこでも,images/ゲリラ/まえだりょう祭.jpg,,,,
348,ゲリラ,街宣車で自転車窃盗団に〇〇〇〇〇,京都市の公道,images/ゲリラ/街宣車で自転車窃盗団に〇〇〇〇〇.jpg,,,,
349,ゲリラ,ドライブマイカー,グラウンド,images/ゲリラ/ドライブマイカー.jpg,,,,
350,ゲリラ,A4、B4、C4繋げる,各棟４階,images/ゲリラ/A4、B4、C4繋げる.jpg,,,,
351,ゲリラ,順張りチャンダー,チャンダー,images/ゲリラ/順張りチャンダー.jpg,,,,
352,ゲリラ,逆張りチャンダー,チャンダー,images/ゲリラ/逆張りチャンダー.jpg,,,,
353,ゲリラ,藍染め,中庭,images/ゲリラ/藍染め.jpg,,,,
354,ゲリラ,ガサ対訓練,正門～ロビー～B地下,images/ゲリラ/ガサ対訓練.jpg,,,,
355,ゲリラ,くまの湯,中庭,images/ゲリラ/くまの湯.jpg,,,,
356,ゲリラ,横田、横たわる,この世,images/ゲリラ/横田、横たわる.jpg,,,,
357,ゲリラ,横田、横たわらない,あの世,images/ゲリラ/横田、横たわらない.jpg,,,,
358,常設,あたたまりや,ロビー,images/常設/あたたまりや.jpg,,,,
359,常設,小林スマホ買う,どこでも,images/常設/小林スマホ買う.jpg,,,,
360,常設,小林スマホ買わせない,どこでも,images/常設/小林スマホ買わせない.jpg,,,,
361,常設,小林スマホ以外全部買う,どこでも,images/常設/小林スマホ以外全部買う.jpg,,,,
362,常設,敵に塩を送る,どこでも,images/常設/敵に塩を送る.jpg,,,,
363,常設,京大に盛り塩,どこでも,images/常設/京大に盛り塩.jpg,,,,
364,常設,寮生アルバム2022,どこでも,images/常設/寮生アルバム2022.jpg,,,,
365,常設,寮食クイズ,どこでも,images/常設/寮食クイズ.jpg,,,,
366,常設,食堂順番待ち用紙,どこでも,images/常設/食堂順番待ち用紙.jpg,,,,
367,常設,熊野寮政治思想調査,熊野寮,images/常設/熊野寮政治思想調査.jpg,,,,
368,常設,自転車防衛,京都市,images/常設/自転車防衛.jpg,,,,
369,常設,三里塚野菜市,ロビー,images/常設/三里塚野菜市.jpg,,,,
370,常設,京大構内に熊野寮新棟を作ろう,総人広場,images/常設/京大構内に熊野寮新棟を作ろう.jpg,,,,
371,常設,陽キャになろう,ロビーか食堂,images/常設/陽キャになろう.jpg,,,,
372,常設,乾燥生姜,屋上、食堂,images/常設/乾燥生姜.jpg,,,,
373,常設,寮祭企画応援,熊野寮,images/常設/寮祭企画応援.jpg,,,,
374,常設,安倍晋三追悼記念　新興宗教ラリー,各教室,images/常設/安倍晋三追悼記念　新興宗教ラリー.jpg,,,,
375,常設,みんなで単色券Tシャツ,日本中,images/常設/みんなで単色券Tシャツ.jpg,,,,
376,常設,ルーレット髪染め,どこでも,images/常設/ルーレット髪染め.jpg,,,,
377,常設,メンヘラになろう,どこでも,images/常設/メンヘラになろう.jpg,,,,
378,常設,ドレッシング祭り,食堂,images/常設/ドレッシング祭り.jpg,,,,
379,常設,ドキュメント７２時間,熊野寮,images/常設/ドキュメント７２時間.jpg,,,,
380,常設,デカメロン,地球全域,images/常設/デカメロン.jpg,,,,
381,常設,すきあらばけいおん！,どこでも,images/常設/すきあらばけいおん！.jpg,,,,
382,常設,ダーツの旅in熊野寮,どこでも,images/常設/ダーツの旅in熊野寮.jpg,,,,
383,常設,コノ先日本国憲法通用セズ,どこでも,images/常設/コノ先日本国憲法通用セズ.jpg,,,,
384,常設,インフルエンサーに俺はなる！,どこでも,images/常設/インフルエンサーに俺はなる！.jpg,,,,
385,常設,ありがとうの木,食堂,images/常設/ありがとうの木.jpg,,,,
386,常設,アクセンチュアに内定しよう,アクセンチュア,images/常設/アクセンチュアに内定しよう.jpg,,,,
387,常設,2割引シール配布,どこでも,images/常設/2割引シール配布.jpg,,,,
388,常設,n mg_Lはかれ,食堂中央、炊飯器の傍,images/常設/n mg_Lはかれ.jpg,,,,
389,常設,A４談話室に来よう,A４談話室,images/常設/A４談話室に来よう.jpg,,,,
390,常設,櫓を建てよう,喫煙所横,images/常設/櫓を建てよう.jpg,,,,
391,常設,平安湯RTA,平安湯,images/常設/平安湯RTA.jpg,,,,
392,常設,１日１回感謝の役満,熊野寮,images/常設/１日１回感謝の役満.jpg,,,,
393,常設,断食,どこでも,images/常設/断食.jpg,,,,
394,常設,超大規模なピタゴラスイッチ,熊野寮,images/常設/超大規模なピタゴラスイッチ.jpg,,,,
395,常設,誰にも伝わらないモノマネ供養会,どこでも,images/常設/誰にも伝わらないモノマネ供養会.jpg,,,,
396,常設,熊野寮生にアンケートとってみた,どこでも,images/常設/熊野寮生にアンケートとってみた.jpg,,,,
397,常設,大人の感想文,事務室前,images/常設/大人の感想文.jpg,,,,
398,常設,大学生ぽいエピソード,どこでも,images/常設/大学生ぽいエピソード.jpg,,,,
399,常設,食堂出口調査,食堂,images/常設/食堂出口調査.jpg,,,,
400,常設,大阪市民スタンプラリー,ロビー,images/常設/大阪市民スタンプラリー.jpg,,,,
401,常設,玄関の前に張り出しても恥ずかしくないツイート,玄関,images/常設/玄関の前に張り出しても恥ずかしくないツイート.jpg,,,,
402,常設,全国自治寮ドライブリレー,日本全国,images/常設/全国自治寮ドライブリレー.jpg,,,,
403,常設,みささぎスタンプラリー,どこでも,images/常設/みささぎスタンプラリー.jpg,,,,
404,常設,成長期,どこでも,images/常設/成長期.jpg,,,,
405,常設,二十日大根は本気出せば10日で育つ,食堂,images/常設/二十日大根は本気出せば10日で育つ.jpg,,,,
406,常設,ターザンロープを作る,どこでも,images/常設/ターザンロープを作る.jpg,,,,
407,常設,熊野寮考古学,どこでも,images/常設/熊野寮考古学.jpg,,,,
408,常設,熊野寮考現学,事務室前,images/常設/熊野寮考現学.jpg,,,,
409,常設,寮歌を作ろう,どこでも,images/常設/寮歌を作ろう.jpg,,,,
410,常設,熊野ラーメン,食堂,images/常設/熊野ラーメン.jpg,,,,
411,常設,すき家vs松屋vs吉野家vsなか卯.jpg,事務室前,images/常設/すき家vs松屋vs吉野家vsなか卯.jpg.jpg,,,,
412,常設,BarKUMA,軟鉄庵,images/常設/BarKUMA.jpg,,,,
413,常設,Kumano Advent Calender2022,どこでも,images/常設/Kumano Advent Calender2022.jpg,,,,